email/username,firstName,lastName,street,city,stateCode,zipCode,phoneNumber
jbutt@gmail.com,James,Butt,6649 N Blue Gum St,New Orleans,LA,70116,504-621-8927
josephine_darakjy@darakjy.org,Josephine,Darakjy,4 B Blue Ridge Blvd,Brighton,MI,48116,810-292-9388
art@venere.org,Art,Venere,8 W Cerritos Ave #54,Bridgeport,NJ,8014,856-636-8749
lpaprocki@hotmail.com,Lenna,Paprocki,639 Main St,Anchorage,AK,99501,907-385-4412
donette.foller@cox.net,Donette,Foller,34 Center St,Hamilton,OH,45011,513-570-1893
simona@morasca.com,Simona,Morasca,3 Mcauley Dr,Ashland,OH,44805,419-503-2484
mitsue_tollner@yahoo.com,Mitsue,Tollner,7 Eads St,Chicago,IL,60632,773-573-6914
leota@hotmail.com,Leota,Dilliard,7 W Jackson Blvd,San Jose,CA,95111,408-752-3500
sage_wieser@cox.net,Sage,Wieser,5 Boston Ave #88,Sioux Falls,SD,57105,605-414-2147
kris@gmail.com,Kris,Marrier,228 Runamuck Pl #2808,Baltimore,MD,21224,410-655-8723
minna_amigon@yahoo.com,Minna,Amigon,2371 Jerrold Ave,Kulpsville,PA,19443,215-874-1229
amaclead@gmail.com,Abel,Maclead,37275 St  Rt 17m M,Middle Island,NY,11953,631-335-3414
kiley.caldarera@aol.com,Kiley,Caldarera,25 E 75th St #69,Los Angeles,CA,90034,310-498-5651
gruta@cox.net,Graciela,Ruta,98 Connecticut Ave Nw,Chagrin Falls,OH,44023,440-780-8425
calbares@gmail.com,Cammy,Albares,56 E Morehead St,Laredo,TX,78045,956-537-6195
mattie@aol.com,Mattie,Poquette,73 State Road 434 E,Phoenix,AZ,85013,602-277-4385
meaghan@hotmail.com,Meaghan,Garufi,69734 E Carrillo St,Mc Minnville,TN,37110,931-313-9635
gladys.rim@rim.org,Gladys,Rim,322 New Horizon Blvd,Milwaukee,WI,53207,414-661-9598
yuki_whobrey@aol.com,Yuki,Whobrey,1 State Route 27,Taylor,MI,48180,313-288-7937
fletcher.flosi@yahoo.com,Fletcher,Flosi,394 Manchester Blvd,Rockford,IL,61109,815-828-2147
bette_nicka@cox.net,Bette,Nicka,6 S 33rd St,Aston,PA,19014,610-545-3615
vinouye@aol.com,Veronika,Inouye,6 Greenleaf Ave,San Jose,CA,95111,408-540-1785
willard@hotmail.com,Willard,Kolmetz,618 W Yakima Ave,Irving,TX,75062,972-303-9197
mroyster@royster.com,Maryann,Royster,74 S Westgate St,Albany,NY,12204,518-966-7987
alisha@slusarski.com,Alisha,Slusarski,3273 State St,Middlesex,NJ,8846,732-658-3154
allene_iturbide@cox.net,Allene,Iturbide,1 Central Ave,Stevens Point,WI,54481,715-662-6764
chanel.caudy@caudy.org,Chanel,Caudy,86 Nw 66th St #8673,Shawnee,KS,66218,913-388-2079
ezekiel@chui.com,Ezekiel,Chui,2 Cedar Ave #84,Easton,MD,21601,410-669-1642
wkusko@yahoo.com,Willow,Kusko,90991 Thorburn Ave,New York,NY,10011,212-582-4976
bfigeroa@aol.com,Bernardo,Figeroa,386 9th Ave N,Conroe,TX,77301,936-336-3951
ammie@corrio.com,Ammie,Corrio,74874 Atlantic Ave,Columbus,OH,43215,614-801-9788
francine_vocelka@vocelka.com,Francine,Vocelka,366 South Dr,Las Cruces,NM,88011,505-977-3911
ernie_stenseth@aol.com,Ernie,Stenseth,45 E Liberty St,Ridgefield Park,NJ,7660,201-709-6245
albina@glick.com,Albina,Glick,4 Ralph Ct,Dunellen,NJ,8812,732-924-7882
asergi@gmail.com,Alishia,Sergi,2742 Distribution Way,New York,NY,10025,212-860-1579
solange@shinko.com,Solange,Shinko,426 Wolf St,Metairie,LA,70002,504-979-9175
jose@yahoo.com,Jose,Stockham,128 Bransten Rd,New York,NY,10011,212-675-8570
rozella.ostrosky@ostrosky.com,Rozella,Ostrosky,17 Morena Blvd,Camarillo,CA,93012,805-832-6163
valentine_gillian@gmail.com,Valentine,Gillian,775 W 17th St,San Antonio,TX,78204,210-812-9597
kati.rulapaugh@hotmail.com,Kati,Rulapaugh,6980 Dorsett Rd,Abilene,KS,67410,785-463-7829
youlanda@aol.com,Youlanda,Schemmer,2881 Lewis Rd,Prineville,OR,97754,541-548-8197
doldroyd@aol.com,Dyan,Oldroyd,7219 Woodfield Rd,Overland Park,KS,66204,913-413-4604
roxane@hotmail.com,Roxane,Campain,1048 Main St,Fairbanks,AK,99708,907-231-4722
lperin@perin.org,Lavera,Perin,678 3rd Ave,Miami,FL,33196,305-606-7291
erick.ferencz@aol.com,Erick,Ferencz,20 S Babcock St,Fairbanks,AK,99712,907-741-1044
fsaylors@saylors.org,Fatima,Saylors,2 Lighthouse Ave,Hopkins,MN,55343,952-768-2416
jina_briddick@briddick.com,Jina,Briddick,38938 Park Blvd,Boston,MA,2128,617-399-5124
kanisha_waycott@yahoo.com,Kanisha,Waycott,5 Tomahawk Dr,Los Angeles,CA,90006,323-453-2780
emerson.bowley@bowley.org,Emerson,Bowley,762 S Main St,Madison,WI,53711,608-336-7444
bmalet@yahoo.com,Blair,Malet,209 Decker Dr,Philadelphia,PA,19132,215-907-9111
bbolognia@yahoo.com,Brock,Bolognia,4486 W O St #1,New York,NY,10003,212-402-9216
lnestle@hotmail.com,Lorrie,Nestle,39 S 7th St,Tullahoma,TN,37388,931-875-6644
sabra@uyetake.org,Sabra,Uyetake,98839 Hawthorne Blvd #6101,Columbia,SC,29201,803-925-5213
mmastella@mastella.com,Marjory,Mastella,71 San Mateo Ave,Wayne,PA,19087,610-814-5533
karl_klonowski@yahoo.com,Karl,Klonowski,76 Brooks St #9,Flemington,NJ,8822,908-877-6135
twenner@aol.com,Tonette,Wenner,4545 Courthouse Rd,Westbury,NY,11590,516-968-6051
amber_monarrez@monarrez.org,Amber,Monarrez,14288 Foster Ave #4121,Jenkintown,PA,19046,215-934-8655
shenika@gmail.com,Shenika,Seewald,4 Otis St,Van Nuys,CA,91405,818-423-4007
delmy.ahle@hotmail.com,Delmy,Ahle,65895 S 16th St,Providence,RI,2909,401-458-2547
deeanna_juhas@gmail.com,Deeanna,Juhas,14302 Pennsylvania Ave,Huntingdon Valley,PA,19006,215-211-9589
bpugh@aol.com,Blondell,Pugh,201 Hawk Ct,Providence,RI,2904,401-960-8259
jamal@vanausdal.org,Jamal,Vanausdal,53075 Sw 152nd Ter #615,Monroe Township,NJ,8831,732-234-1546
cecily@hollack.org,Cecily,Hollack,59 N Groesbeck Hwy,Austin,TX,78731,512-486-3817
carmelina_lindall@lindall.com,Carmelina,Lindall,2664 Lewis Rd,Littleton,CO,80126,303-724-7371
maurine_yglesias@yglesias.com,Maurine,Yglesias,59 Shady Ln #53,Milwaukee,WI,53214,414-748-1374
tawna@gmail.com,Tawna,Buvens,3305 Nabell Ave #679,New York,NY,10009,212-674-9610
penney_weight@aol.com,Penney,Weight,18 Fountain St,Anchorage,AK,99515,907-797-9628
elly_morocco@gmail.com,Elly,Morocco,7 W 32nd St,Erie,PA,16502,814-393-5571
ilene.eroman@hotmail.com,Ilene,Eroman,2853 S Central Expy,Glen Burnie,MD,21061,410-914-9018
vmondella@mondella.com,Vallie,Mondella,74 W College St,Boise,ID,83707,208-862-5339
kallie.blackwood@gmail.com,Kallie,Blackwood,701 S Harrison Rd,San Francisco,CA,94104,415-315-2761
johnetta_abdallah@aol.com,Johnetta,Abdallah,1088 Pinehurst St,Chapel Hill,NC,27514,919-225-9345
brhym@rhym.com,Bobbye,Rhym,30 W 80th St #1995,San Carlos,CA,94070,650-528-5783
micaela_rhymes@gmail.com,Micaela,Rhymes,20932 Hedley St,Concord,CA,94520,925-647-3298
tamar@hotmail.com,Tamar,Hoogland,2737 Pistorio Rd #9230,London,OH,43140,740-343-8575
moon@yahoo.com,Moon,Parlato,74989 Brandon St,Wellsville,NY,14895,585-866-8313
laurel_reitler@reitler.com,Laurel,Reitler,6 Kains Ave,Baltimore,MD,21215,410-520-4832
delisa.crupi@crupi.com,Delisa,Crupi,47565 W Grand Ave,Newark,NJ,7105,973-354-2040
viva.toelkes@gmail.com,Viva,Toelkes,4284 Dorigo Ln,Chicago,IL,60647,773-446-5569
elza@yahoo.com,Elza,Lipke,6794 Lake Dr E,Newark,NJ,7104,973-927-3447
devorah@hotmail.com,Devorah,Chickering,31 Douglas Blvd #950,Clovis,NM,88101,505-975-8559
timothy_mulqueen@mulqueen.org,Timothy,Mulqueen,44 W 4th St,Staten Island,NY,10309,718-332-6527
ahoneywell@honeywell.com,Arlette,Honeywell,11279 Loytan St,Jacksonville,FL,32254,904-775-4480
dominque.dickerson@dickerson.org,Dominque,Dickerson,69 Marquette Ave,Hayward,CA,94545,510-993-3758
lettie_isenhower@yahoo.com,Lettie,Isenhower,70 W Main St,Beachwood,OH,44122,216-657-7668
mmunns@cox.net,Myra,Munns,461 Prospect Pl #316,Euless,TX,76040,817-914-7518
stephaine@barfield.com,Stephaine,Barfield,47154 Whipple Ave Nw,Gardena,CA,90247,310-774-7643
lai.gato@gato.org,Lai,Gato,37 Alabama Ave,Evanston,IL,60201,847-728-7286
stephen_emigh@hotmail.com,Stephen,Emigh,3777 E Richmond St #900,Akron,OH,44302,330-537-5358
tshields@gmail.com,Tyra,Shields,3 Fort Worth Ave,Philadelphia,PA,19106,215-255-1641
twardrip@cox.net,Tammara,Wardrip,4800 Black Horse Pike,Burlingame,CA,94010,650-803-1936
cory.gibes@gmail.com,Cory,Gibes,83649 W Belmont Ave,San Gabriel,CA,91776,626-572-1096
danica_bruschke@gmail.com,Danica,Bruschke,840 15th Ave,Waco,TX,76708,254-782-8569
wilda@cox.net,Wilda,Giguere,1747 Calle Amanecer #2,Anchorage,AK,99501,907-870-5536
elvera.benimadho@cox.net,Elvera,Benimadho,99385 Charity St #840,San Jose,CA,95110,408-703-8505
carma@cox.net,Carma,Vanheusen,68556 Central Hwy,San Leandro,CA,94577,510-503-7169
malinda.hochard@yahoo.com,Malinda,Hochard,55 Riverside Ave,Indianapolis,IN,46202,317-722-5066
natalie.fern@hotmail.com,Natalie,Fern,7140 University Ave,Rock Springs,WY,82901,307-704-8713
lisha@centini.org,Lisha,Centini,64 5th Ave #1153,Mc Lean,VA,22102,703-235-3937
arlene_klusman@gmail.com,Arlene,Klusman,3 Secor Rd,New Orleans,LA,70112,504-710-5840
alease@buemi.com,Alease,Buemi,4 Webbs Chapel Rd,Boulder,CO,80303,303-301-4946
louisa@cronauer.com,Louisa,Cronauer,524 Louisiana Ave Nw,San Leandro,CA,94577,510-828-7047
angella.cetta@hotmail.com,Angella,Cetta,185 Blackstone Bldge,Honolulu,HI,96817,808-892-7943
cgoldammer@cox.net,Cyndy,Goldammer,170 Wyoming Ave,Burnsville,MN,55337,952-334-9408
rosio.cork@gmail.com,Rosio,Cork,4 10th St W,High Point,NC,27263,336-243-5659
ckorando@hotmail.com,Celeste,Korando,7 W Pinhook Rd,Lynbrook,NY,11563,516-509-2347
twana.felger@felger.org,Twana,Felger,1 Commerce Way,Portland,OR,97224,503-939-3153
estrella@aol.com,Estrella,Samu,64 Lakeview Ave,Beloit,WI,53511,608-976-7199
dkines@hotmail.com,Donte,Kines,3 Aspen St,Worcester,MA,1602,508-429-8576
tiffiny_steffensmeier@cox.net,Tiffiny,Steffensmeier,32860 Sierra Rd,Miami,FL,33133,305-385-9695
emiceli@miceli.org,Edna,Miceli,555 Main St,Erie,PA,16502,814-460-2655
sue@aol.com,Sue,Kownacki,2 Se 3rd Ave,Mesquite,TX,75149,972-666-3413
jshin@shin.com,Jesusa,Shin,2239 Shawnee Mission Pky,Tullahoma,TN,37388,931-273-8709
rolland@cox.net,Rolland,Francescon,2726 Charcot Ave,Paterson,NJ,7501,973-649-2922
pamella.schmierer@schmierer.org,Pamella,Schmierer,5161 Dorsett Rd,Homestead,FL,33030,305-420-8970
gkulzer@kulzer.org,Glory,Kulzer,55892 Jacksonville Rd,Owings Mills,MD,21117,410-224-9462
shawna_palaspas@palaspas.org,Shawna,Palaspas,5 N Cleveland Massillon Rd,Thousand Oaks,CA,91362,805-275-3566
brandon_callaro@hotmail.com,Brandon,Callaro,7 Benton Dr,Honolulu,HI,96819,808-215-6832
scarlet.cartan@yahoo.com,Scarlet,Cartan,9390 S Howell Ave,Albany,GA,31701,229-735-3378
oretha_menter@yahoo.com,Oretha,Menter,8 County Center Dr #647,Boston,MA,2210,617-418-5043
tsmith@aol.com,Ty,Smith,4646 Kaahumanu St,Hackensack,NJ,7601,201-672-1553
xuan@gmail.com,Xuan,Rochin,2 Monroe St,San Mateo,CA,94403,650-933-5072
lindsey.dilello@hotmail.com,Lindsey,Dilello,52777 Leaders Heights Rd,Ontario,CA,91761,909-639-9887
devora_perez@perez.org,Devora,Perez,72868 Blackington Ave,Oakland,CA,94606,510-955-3016
hdemesa@cox.net,Herman,Demesa,9 Norristown Rd,Troy,NY,12180,518-497-2940
rpapasergi@cox.net,Rory,Papasergi,83 County Road 437 #8581,Clarks Summit,PA,18411,570-867-7489
talia_riopelle@aol.com,Talia,Riopelle,1 N Harlem Ave #9,Orange,NJ,7050,973-245-2133
van.shire@shire.com,Van,Shire,90131 J St,Pittstown,NJ,8867,908-409-2890
lucina_lary@cox.net,Lucina,Lary,8597 W National Ave,Cocoa,FL,32922,321-749-4981
bok.isaacs@aol.com,Bok,Isaacs,6 Gilson St,Bronx,NY,10468,718-809-3762
rolande.spickerman@spickerman.com,Rolande,Spickerman,65 W Maple Ave,Pearl City,HI,96782,808-315-3077
hpaulas@gmail.com,Howard,Paulas,866 34th Ave,Denver,CO,80231,303-623-4241
kimbery_madarang@cox.net,Kimbery,Madarang,798 Lund Farm Way,Rockaway,NJ,7866,973-310-1634
thurman.manno@yahoo.com,Thurman,Manno,9387 Charcot Ave,Absecon,NJ,8201,609-524-3586
becky.mirafuentes@mirafuentes.com,Becky,Mirafuentes,30553 Washington Rd,Plainfield,NJ,7062,908-877-8409
beatriz@yahoo.com,Beatriz,Corrington,481 W Lemon St,Middleboro,MA,2346,508-584-4279
marti.maybury@yahoo.com,Marti,Maybury,4 Warehouse Point Rd #7,Chicago,IL,60638,773-775-4522
nieves_gotter@gmail.com,Nieves,Gotter,4940 Pulaski Park Dr,Portland,OR,97202,503-527-5274
lhagele@cox.net,Leatha,Hagele,627 Walford Ave,Dallas,TX,75227,214-339-1809
vklimek@klimek.org,Valentin,Klimek,137 Pioneer Way,Chicago,IL,60604,312-303-5453
melissa@cox.net,Melissa,Wiklund,61 13 Stoneridge #835,Findlay,OH,45840,419-939-3613
sheridan.zane@zane.com,Sheridan,Zane,2409 Alabama Rd,Riverside,CA,92501,951-645-3605
bulah_padilla@hotmail.com,Bulah,Padilla,8927 Vandever Ave,Waco,TX,76707,254-463-4368
audra@kohnert.com,Audra,Kohnert,134 Lewis Rd,Nashville,TN,37211,615-406-7854
dweirather@aol.com,Daren,Weirather,9 N College Ave #3,Milwaukee,WI,53216,414-959-2540
fjillson@aol.com,Fernanda,Jillson,60480 Old Us Highway 51,Preston,MD,21655,410-387-5260
gearldine_gellinger@gellinger.com,Gearldine,Gellinger,4 Bloomfield Ave,Irving,TX,75061,972-934-6914
chau@gmail.com,Chau,Kitzman,429 Tiger Ln,Beverly Hills,CA,90212,310-560-8022
theola_frey@frey.com,Theola,Frey,54169 N Main St,Massapequa,NY,11758,516-948-5768
cheryl@haroldson.org,Cheryl,Haroldson,92 Main St,Atlantic City,NJ,8401,609-518-7697
lmerced@gmail.com,Laticia,Merced,72 Mannix Dr,Cincinnati,OH,45203,513-508-7371
carissa.batman@yahoo.com,Carissa,Batman,12270 Caton Center Dr,Eugene,OR,97401,541-326-4074
lezlie.craghead@craghead.org,Lezlie,Craghead,749 W 18th St #45,Smithfield,NC,27577,919-533-3762
oshealy@hotmail.com,Ozell,Shealy,8 Industry Ln,New York,NY,10002,212-332-8435
arminda@parvis.com,Arminda,Parvis,1 Huntwood Ave,Phoenix,AZ,85017,602-906-9419
reita.leto@gmail.com,Reita,Leto,55262 N French Rd,Indianapolis,IN,46240,317-234-1135
yolando@cox.net,Yolando,Luczki,422 E 21st St,Syracuse,NY,13214,315-304-4759
lizette.stem@aol.com,Lizette,Stem,501 N 19th Ave,Cherry Hill,NJ,8002,856-487-5412
gpawlowicz@yahoo.com,Gregoria,Pawlowicz,455 N Main Ave,Garden City,NY,11530,516-212-1915
cdeleo@deleo.com,Carin,Deleo,1844 Southern Blvd,Little Rock,AR,72202,501-308-1040
chantell@yahoo.com,Chantell,Maynerich,2023 Greg St,Saint Paul,MN,55101,651-591-2583
dyum@yahoo.com,Dierdre,Yum,63381 Jenks Ave,Philadelphia,PA,19134,215-325-3042
larae_gudroe@gmail.com,Larae,Gudroe,6651 Municipal Rd,Houma,LA,70360,985-890-7262
latrice.tolfree@hotmail.com,Latrice,Tolfree,81 Norris Ave #525,Ronkonkoma,NY,11779,631-957-7624
kerry.theodorov@gmail.com,Kerry,Theodorov,6916 W Main St,Sacramento,CA,95827,916-591-3277
dhidvegi@yahoo.com,Dorthy,Hidvegi,9635 S Main St,Boise,ID,83704,208-649-2373
fannie.lungren@yahoo.com,Fannie,Lungren,17 Us Highway 111,Round Rock,TX,78664,512-587-5746
evangelina@aol.com,Evangelina,Radde,992 Civic Center Dr,Philadelphia,PA,19123,215-964-3284
novella_degroot@degroot.org,Novella,Degroot,303 N Radcliffe St,Hilo,HI,96720,808-477-4775
choa@hoa.org,Clay,Hoa,73 Saint Ann St #86,Reno,NV,89502,775-501-8109
jfallick@yahoo.com,Jennifer,Fallick,44 58th St,Wheeling,IL,60090,847-979-9545
irma.wolfgramm@hotmail.com,Irma,Wolfgramm,9745 W Main St,Randolph,NJ,7869,973-545-7355
eun@yahoo.com,Eun,Coody,84 Bloomfield Ave,Spartanburg,SC,29301,864-256-3620
sylvia_cousey@cousey.org,Sylvia,Cousey,287 Youngstown Warren Rd,Hampstead,MD,21074,410-209-9545
nana@aol.com,Nana,Wrinkles,6 Van Buren St,Mount Vernon,NY,10553,914-855-2115
layla.springe@cox.net,Layla,Springe,229 N Forty Driv,New York,NY,10011,212-260-3151
joesph_degonia@degonia.org,Joesph,Degonia,2887 Knowlton St #5435,Berkeley,CA,94710,510-677-9785
annabelle.boord@cox.net,Annabelle,Boord,523 Marquette Ave,Concord,MA,1742,978-697-6263
stephaine@cox.net,Stephaine,Vinning,3717 Hamann Industrial Pky,San Francisco,CA,94104,415-767-6596
nelida@gmail.com,Nelida,Sawchuk,3 State Route 35 S,Paramus,NJ,7652,201-971-1638
marguerita.hiatt@gmail.com,Marguerita,Hiatt,82 N Highway 67,Oakley,CA,94561,925-634-7158
ccookey@cookey.org,Carmela,Cookey,9 Murfreesboro Rd,Chicago,IL,60623,773-494-4195
jbrideau@aol.com,Junita,Brideau,6 S Broadway St,Cedar Grove,NJ,7009,973-943-3423
claribel_varriano@cox.net,Claribel,Varriano,6 Harry L Dr #6327,Perrysburg,OH,43551,419-544-4900
benton.skursky@aol.com,Benton,Skursky,47939 Porter Ave,Gardena,CA,90248,310-579-2907
hillary.skulski@aol.com,Hillary,Skulski,9 Wales Rd Ne #914,Homosassa,FL,34448,352-242-2570
merilyn_bayless@cox.net,Merilyn,Bayless,195 13n N,Santa Clara,CA,95054,408-758-5015
tennaco@gmail.com,Teri,Ennaco,99 Tank Farm Rd,Hazleton,PA,18201,570-889-5187
merlyn_lawler@hotmail.com,Merlyn,Lawler,4671 Alemany Blvd,Jersey City,NJ,7304,201-588-7810
gmontezuma@cox.net,Georgene,Montezuma,98 University Dr,San Ramon,CA,94583,925-615-5185
jmconnell@hotmail.com,Jettie,Mconnell,50 E Wacker Dr,Bridgewater,NJ,8807,908-802-3564
lemuel.latzke@gmail.com,Lemuel,Latzke,70 Euclid Ave #722,Bohemia,NY,11716,631-748-6479
mknipp@gmail.com,Melodie,Knipp,326 E Main St #6496,Thousand Oaks,CA,91362,805-690-1682
candida_corbley@hotmail.com,Candida,Corbley,406 Main St,Somerville,NJ,8876,908-275-8357
karan_karpin@gmail.com,Karan,Karpin,3 Elmwood Dr,Beaverton,OR,97005,503-940-8327
andra@gmail.com,Andra,Scheyer,9 Church St,Salem,OR,97302,503-516-2189
fpoullion@poullion.com,Felicidad,Poullion,9939 N 14th St,Riverton,NJ,8077,856-305-9731
belen_strassner@aol.com,Belen,Strassner,5384 Southwyck Blvd,Douglasville,GA,30135,770-507-8791
gracia@melnyk.com,Gracia,Melnyk,97 Airport Loop Dr,Jacksonville,FL,32216,904-235-3633
jhanafan@gmail.com,Jolanda,Hanafan,37855 Nolan Rd,Bangor,ME,4401,207-458-9196
barrett.toyama@toyama.org,Barrett,Toyama,4252 N Washington Ave #9,Kennedale,TX,76060,817-765-5781
helga_fredicks@yahoo.com,Helga,Fredicks,42754 S Ash Ave,Buffalo,NY,14228,716-752-4114
apinilla@cox.net,Ashlyn,Pinilla,703 Beville Rd,Opa Locka,FL,33054,305-670-9628
fausto_agramonte@yahoo.com,Fausto,Agramonte,5 Harrison Rd,New York,NY,10038,212-313-1783
ronny.caiafa@caiafa.org,Ronny,Caiafa,73 Southern Blvd,Philadelphia,PA,19103,215-605-7570
marge@gmail.com,Marge,Limmel,189 Village Park Rd,Crestview,FL,32536,850-430-1663
norah.waymire@gmail.com,Norah,Waymire,6 Middlegate Rd #106,San Francisco,CA,94107,415-306-7897
aliza@aol.com,Aliza,Baltimore,1128 Delaware St,San Jose,CA,95132,408-504-3552
mpelkowski@pelkowski.org,Mozell,Pelkowski,577 Parade St,South San Francisco,CA,94080,650-947-1215
viola@gmail.com,Viola,Bitsuie,70 Mechanic St,Northridge,CA,91325,818-864-4875
femard@emard.com,Franklyn,Emard,4379 Highway 116,Philadelphia,PA,19103,215-558-8189
willodean_konopacki@konopacki.org,Willodean,Konopacki,55 Hawthorne Blvd,Lafayette,LA,70506,337-253-8384
beckie.silvestrini@silvestrini.com,Beckie,Silvestrini,7116 Western Ave,Dearborn,MI,48126,313-533-4884
rgesick@gesick.org,Rebecka,Gesick,2026 N Plankinton Ave #3,Austin,TX,78754,512-213-8574
frederica_blunk@gmail.com,Frederica,Blunk,99586 Main St,Dallas,TX,75207,214-428-2285
glen_bartolet@hotmail.com,Glen,Bartolet,8739 Hudson St,Vashon,WA,98070,206-697-5796
freeman_gochal@aol.com,Freeman,Gochal,383 Gunderman Rd #197,Coatesville,PA,19320,610-476-3501
vincent.meinerding@hotmail.com,Vincent,Meinerding,4441 Point Term Mkt,Philadelphia,PA,19143,215-372-1718
rima@cox.net,Rima,Bevelacqua,2972 Lafayette Ave,Gardena,CA,90248,310-858-5079
gsarbacher@gmail.com,Glendora,Sarbacher,2140 Diamond Blvd,Rohnert Park,CA,94928,707-653-8214
avery@cox.net,Avery,Steier,93 Redmond Rd #492,Orlando,FL,32803,407-808-9439
cristy@lother.com,Cristy,Lother,3989 Portage Tr,Escondido,CA,92025,760-971-4322
nicolette_brossart@brossart.com,Nicolette,Brossart,1 Midway Rd,Westborough,MA,1581,508-837-9230
tracey@hotmail.com,Tracey,Modzelewski,77132 Coon Rapids Blvd Nw,Conroe,TX,77301,936-264-9294
virgina_tegarden@tegarden.com,Virgina,Tegarden,755 Harbor Way,Milwaukee,WI,53226,414-214-8697
tfrankel@aol.com,Tiera,Frankel,87 Sierra Rd,El Monte,CA,91731,626-636-4117
alaine_bergesen@cox.net,Alaine,Bergesen,7667 S Hulen St #42,Yonkers,NY,10701,914-300-9193
earleen_mai@cox.net,Earleen,Mai,75684 S Withlapopka Dr #32,Dallas,TX,75227,214-289-1973
leonida@gobern.org,Leonida,Gobern,5 Elmwood Park Blvd,Biloxi,MS,39530,228-235-5615
ressie.auffrey@yahoo.com,Ressie,Auffrey,23 Palo Alto Sq,Miami,FL,33134,305-604-8981
jmugnolo@yahoo.com,Justine,Mugnolo,38062 E Main St,New York,NY,10048,212-304-9225
eladia@saulter.com,Eladia,Saulter,3958 S Dupont Hwy #7,Ramsey,NJ,7446,201-474-4924
chaya@malvin.com,Chaya,Malvin,560 Civic Center Dr,Ann Arbor,MI,48103,734-928-5182
gwenn_suffield@suffield.org,Gwenn,Suffield,3270 Dequindre Rd,Deer Park,NY,11729,631-258-6558
skarpel@cox.net,Salena,Karpel,1 Garfield Ave #7,Canton,OH,44707,330-791-8557
yoko@fishburne.com,Yoko,Fishburne,9122 Carpenter Ave,New Haven,CT,6511,203-506-4706
taryn.moyd@hotmail.com,Taryn,Moyd,48 Lenox St,Fairfax,VA,22030,703-322-4041
katina_polidori@aol.com,Katina,Polidori,5 Little River Tpke,Wilmington,MA,1887,978-626-2978
rickie.plumer@aol.com,Rickie,Plumer,3 N Groesbeck Hwy,Toledo,OH,43613,419-693-1334
alex@loader.com,Alex,Loader,37 N Elm St #916,Tacoma,WA,98409,253-660-7821
lashon@aol.com,Lashon,Vizarro,433 Westminster Blvd #590,Roseville,CA,95661,916-741-7884
lburnard@burnard.com,Lauran,Burnard,66697 Park Pl #3224,Riverton,WY,82501,307-342-7795
ceola.setter@setter.org,Ceola,Setter,96263 Greenwood Pl,Warren,ME,4864,207-627-7565
my@hotmail.com,My,Rantanen,8 Mcarthur Ln,Richboro,PA,18954,215-491-5633
lorrine.worlds@worlds.com,Lorrine,Worlds,8 Fair Lawn Ave,Tampa,FL,33614,813-769-2939
peggie@cox.net,Peggie,Sturiale,9 N 14th St,El Cajon,CA,92020,619-608-1763
mraymo@yahoo.com,Marvel,Raymo,9 Vanowen St,College Station,TX,77840,979-718-8968
daron_dinos@cox.net,Daron,Dinos,18 Waterloo Geneva Rd,Highland Park,IL,60035,847-233-3075
an_fritz@hotmail.com,An,Fritz,506 S Hacienda Dr,Atlantic City,NJ,8401,609-228-5265
portia.stimmel@aol.com,Portia,Stimmel,3732 Sherman Ave,Bridgewater,NJ,8807,908-722-7128
rhea_aredondo@cox.net,Rhea,Aredondo,25657 Live Oak St,Brooklyn,NY,11226,718-560-9537
bsama@cox.net,Benedict,Sama,4923 Carey Ave,Saint Louis,MO,63104,314-787-1588
alyce@arias.org,Alyce,Arias,3196 S Rider Trl,Stockton,CA,95207,209-317-1801
heike@gmail.com,Heike,Berganza,3 Railway Ave #75,Little Falls,NJ,7424,973-936-5095
carey_dopico@dopico.org,Carey,Dopico,87393 E Highland Rd,Indianapolis,IN,46220,317-578-2453
dottie@hellickson.org,Dottie,Hellickson,67 E Chestnut Hill Rd,Seattle,WA,98133,206-540-6076
deandrea@yahoo.com,Deandrea,Hughey,33 Lewis Rd #46,Burlington,NC,27215,336-822-7652
kimberlie_duenas@yahoo.com,Kimberlie,Duenas,8100 Jacksonville Rd #7,Hays,KS,67601,785-629-8542
martina_staback@staback.com,Martina,Staback,7 W Wabansia Ave #227,Orlando,FL,32822,407-471-6908
skye_fillingim@yahoo.com,Skye,Fillingim,25 Minters Chapel Rd #9,Minneapolis,MN,55401,612-508-2655
jade.farrar@yahoo.com,Jade,Farrar,6882 Torresdale Ave,Columbia,SC,29201,803-352-5387
charlene.hamilton@hotmail.com,Charlene,Hamilton,985 E 6th Ave,Santa Rosa,CA,95407,707-300-1771
geoffrey@gmail.com,Geoffrey,Acey,7 West Ave #1,Palatine,IL,60067,847-222-1734
stevie.westerbeck@yahoo.com,Stevie,Westerbeck,26659 N 13th St,Costa Mesa,CA,92626,949-867-4077
pamella@fortino.com,Pamella,Fortino,669 Packerland Dr #1438,Denver,CO,80212,303-404-2210
hhaufler@hotmail.com,Harrison,Haufler,759 Eldora St,New Haven,CT,6515,203-801-6193
jengelberg@engelberg.org,Johnna,Engelberg,5 S Colorado Blvd #449,Bothell,WA,98021,425-986-7573
buddy.cloney@yahoo.com,Buddy,Cloney,944 Gaither Dr,Strongsville,OH,44136,440-989-5826
dalene.riden@aol.com,Dalene,Riden,66552 Malone Rd,Plaistow,NH,3865,603-315-6839
jzurcher@zurcher.org,Jerry,Zurcher,77 Massillon Rd #822,Satellite Beach,FL,32937,321-518-5938
hdenooyer@denooyer.org,Haydee,Denooyer,25346 New Rd,New York,NY,10016,212-792-8658
joseph_cryer@cox.net,Joseph,Cryer,60 Fillmore Ave,Huntington Beach,CA,92647,714-584-2237
deonna_kippley@hotmail.com,Deonna,Kippley,57 Haven Ave #90,Southfield,MI,48075,248-913-4677
raymon.calvaresi@gmail.com,Raymon,Calvaresi,6538 E Pomona St #60,Indianapolis,IN,46222,317-825-4724
alecia@aol.com,Alecia,Bubash,6535 Joyce St,Wichita Falls,TX,76301,940-276-7922
mlayous@hotmail.com,Ma,Layous,78112 Morris Ave,North Haven,CT,6473,203-721-3388
detra@aol.com,Detra,Coyier,96950 Hidden Ln,Aberdeen,MD,21001,410-739-9277
terrilyn.rodeigues@cox.net,Terrilyn,Rodeigues,3718 S Main St,New Orleans,LA,70130,504-463-4384
slacovara@gmail.com,Salome,Lacovara,9677 Commerce Dr,Richmond,VA,23219,804-550-5097
garry_keetch@hotmail.com,Garry,Keetch,5 Green Pond Rd #4,Southampton,PA,18966,215-979-8776
mneither@yahoo.com,Matthew,Neither,636 Commerce Dr #42,Shakopee,MN,55379,952-651-7597
theodora.restrepo@restrepo.com,Theodora,Restrepo,42744 Hamann Industrial Pky #82,Miami,FL,33136,305-936-8226
noah.kalafatis@aol.com,Noah,Kalafatis,1950 5th Ave,Milwaukee,WI,53209,414-263-5287
csweigard@sweigard.com,Carmen,Sweigard,61304 N French Rd,Somerset,NJ,8873,732-941-2621
lavonda@cox.net,Lavonda,Hengel,87 Imperial Ct #79,Fargo,ND,58102,701-898-2154
junita@aol.com,Junita,Stoltzman,94 W Dodge Rd,Carson City,NV,89701,775-638-9963
herminia@nicolozakes.org,Herminia,Nicolozakes,4 58th St #3519,Scottsdale,AZ,85254,602-954-5141
casie.good@aol.com,Casie,Good,5221 Bear Valley Rd,Nashville,TN,37211,615-390-2251
reena@hotmail.com,Reena,Maisto,9648 S Main,Salisbury,MD,21801,410-351-1863
mirta_mallett@gmail.com,Mirta,Mallett,7 S San Marcos Rd,New York,NY,10004,212-870-1286
cathrine.pontoriero@pontoriero.com,Cathrine,Pontoriero,812 S Haven St,Amarillo,TX,79109,806-703-1435
ftawil@hotmail.com,Filiberto,Tawil,3882 W Congress St #799,Los Angeles,CA,90016,323-765-2528
rupthegrove@yahoo.com,Raul,Upthegrove,4 E Colonial Dr,La Mesa,CA,91942,619-509-5282
sarah.candlish@gmail.com,Sarah,Candlish,45 2nd Ave #9759,Atlanta,GA,30328,770-732-1194
lucy@cox.net,Lucy,Treston,57254 Brickell Ave #372,Worcester,MA,1602,508-769-5250
jaquas@aquas.com,Judy,Aquas,8977 Connecticut Ave Nw #3,Niles,MI,49120,269-756-7222
yvonne.tjepkema@hotmail.com,Yvonne,Tjepkema,9 Waydell St,Fairfield,NJ,7004,973-714-1721
kayleigh.lace@yahoo.com,Kayleigh,Lace,43 Huey P Long Ave,Lafayette,LA,70508,337-740-9323
felix_hirpara@cox.net,Felix,Hirpara,7563 Cornwall Rd #4462,Denver,PA,17517,717-491-5643
tresa_sweely@hotmail.com,Tresa,Sweely,22 Bridle Ln,Valley Park,MO,63088,314-359-9566
kristeen@gmail.com,Kristeen,Turinetti,70099 E North Ave,Arlington,TX,76013,817-213-8851
jregusters@regusters.com,Jenelle,Regusters,3211 E Northeast Loop,Tampa,FL,33619,813-932-8715
renea@hotmail.com,Renea,Monterrubio,26 Montgomery St,Atlanta,GA,30328,770-679-4752
olive@aol.com,Olive,Matuszak,13252 Lighthouse Ave,Cathedral City,CA,92234,760-938-6069
lreiber@cox.net,Ligia,Reiber,206 Main St #2804,Lansing,MI,48933,517-906-1108
christiane.eschberger@yahoo.com,Christiane,Eschberger,96541 W Central Blvd,Phoenix,AZ,85034,602-390-4944
goldie.schirpke@yahoo.com,Goldie,Schirpke,34 Saint George Ave #2,Bangor,ME,4401,207-295-7569
loreta.timenez@hotmail.com,Loreta,Timenez,47857 Coney Island Ave,Clinton,MD,20735,301-696-6420
fabiola.hauenstein@hauenstein.org,Fabiola,Hauenstein,8573 Lincoln Blvd,York,PA,17404,717-809-3119
amie.perigo@yahoo.com,Amie,Perigo,596 Santa Maria Ave #7913,Mesquite,TX,75150,972-419-7946
raina.brachle@brachle.org,Raina,Brachle,3829 Ventura Blvd,Butte,MT,59701,406-318-1515
erinn.canlas@canlas.com,Erinn,Canlas,13 S Hacienda Dr,Livingston,NJ,7039,973-767-3008
cherry@lietz.com,Cherry,Lietz,40 9th Ave Sw #91,Waterford,MI,48329,248-980-6904
kattie@vonasek.org,Kattie,Vonasek,2845 Boulder Crescent St,Cleveland,OH,44103,216-923-3715
lilli@aol.com,Lilli,Scriven,33 State St,Abilene,TX,79601,325-631-1560
whitley.tomasulo@aol.com,Whitley,Tomasulo,2 S 15th St,Fort Worth,TX,76107,817-526-4408
badkin@hotmail.com,Barbra,Adkin,4 Kohler Memorial Dr,Brooklyn,NY,11230,718-201-3751
hermila_thyberg@hotmail.com,Hermila,Thyberg,1 Rancho Del Mar Shopping C,Providence,RI,2903,401-893-4882
jesusita.flister@hotmail.com,Jesusita,Flister,3943 N Highland Ave,Lancaster,PA,17601,717-885-9118
caitlin.julia@julia.org,Caitlin,Julia,5 Williams St,Johnston,RI,2919,401-948-4982
roosevelt.hoffis@aol.com,Roosevelt,Hoffis,60 Old Dover Rd,Hialeah,FL,33014,305-622-4739
hhalter@yahoo.com,Helaine,Halter,8 Sheridan Rd,Jersey City,NJ,7304,201-832-4168
lorean.martabano@hotmail.com,Lorean,Martabano,85092 Southern Blvd,San Antonio,TX,78204,210-856-4979
france.buzick@yahoo.com,France,Buzick,64 Newman Springs Rd E,Brooklyn,NY,11219,718-478-8504
jferrario@hotmail.com,Justine,Ferrario,48 Stratford Ave,Pomona,CA,91768,909-993-3242
adelina_nabours@gmail.com,Adelina,Nabours,80 Pittsford Victor Rd #9,Cleveland,OH,44103,216-230-4892
ddhamer@cox.net,Derick,Dhamer,87163 N Main Ave,New York,NY,10013,212-304-4515
jerry.dallen@yahoo.com,Jerry,Dallen,393 Lafayette Ave,Richmond,VA,23219,804-762-9576
leota.ragel@gmail.com,Leota,Ragel,99 5th Ave #33,Trion,GA,30753,706-221-4243
jamyot@hotmail.com,Jutta,Amyot,49 N Mays St,Broussard,LA,70518,337-515-1438
aja_gehrett@hotmail.com,Aja,Gehrett,993 Washington Ave,Nutley,NJ,7110,973-544-2677
kirk.herritt@aol.com,Kirk,Herritt,88 15th Ave Ne,Vestal,NY,13850,607-407-3716
leonora@yahoo.com,Leonora,Mauson,3381 E 40th Ave,Passaic,NJ,7055,973-412-2995
winfred_brucato@hotmail.com,Winfred,Brucato,201 Ridgewood Rd,Moscow,ID,83843,208-252-4552
tarra.nachor@cox.net,Tarra,Nachor,39 Moccasin Dr,San Francisco,CA,94104,415-411-1775
corinne@loder.org,Corinne,Loder,4 Carroll St,North Attleboro,MA,2760,508-942-4186
dulce_labreche@yahoo.com,Dulce,Labreche,9581 E Arapahoe Rd,Rochester,MI,48307,248-357-8718
kate_keneipp@yahoo.com,Kate,Keneipp,33 N Michigan Ave,Green Bay,WI,54301,920-353-6377
kaitlyn.ogg@gmail.com,Kaitlyn,Ogg,2 S Biscayne Blvd,Baltimore,MD,21230,410-665-4903
sherita.saras@cox.net,Sherita,Saras,8 Us Highway 22,Colorado Springs,CO,80937,719-669-1664
lstuer@cox.net,Lashawnda,Stuer,7422 Martin Ave #8,Toledo,OH,43607,419-588-8719
ernest@cox.net,Ernest,Syrop,94 Chase Rd,Hyattsville,MD,20785,301-998-9644
nobuko.halsey@yahoo.com,Nobuko,Halsey,8139 I Hwy 10 #92,New Bedford,MA,2745,508-855-9887
lavonna.wolny@hotmail.com,Lavonna,Wolny,5 Cabot Rd,Mc Lean,VA,22102,703-483-1970
llizama@cox.net,Lashaunda,Lizama,3387 Ryan Dr,Hanover,MD,21076,410-678-2473
mariann.bilden@aol.com,Mariann,Bilden,3125 Packer Ave #9851,Austin,TX,78753,512-223-4791
helene@aol.com,Helene,Rodenberger,347 Chestnut St,Peoria,AZ,85381,623-461-8551
roselle.estell@hotmail.com,Roselle,Estell,8116 Mount Vernon Ave,Bucyrus,OH,44820,419-571-5920
sheintzman@hotmail.com,Samira,Heintzman,8772 Old County Rd #5410,Kent,WA,98032,206-311-4137
margart_meisel@yahoo.com,Margart,Meisel,868 State St #38,Cincinnati,OH,45251,513-617-2362
kristofer.bennick@yahoo.com,Kristofer,Bennick,772 W River Dr,Bloomington,IN,47404,812-368-1511
wacuff@gmail.com,Weldon,Acuff,73 W Barstow Ave,Arlington Heights,IL,60004,847-353-2156
shalon@cox.net,Shalon,Shadrick,61047 Mayfield Ave,Brooklyn,NY,11223,718-232-2337
denise@patak.org,Denise,Patak,2139 Santa Rosa Ave,Orlando,FL,32801,407-446-4358
louvenia.beech@beech.com,Louvenia,Beech,598 43rd St,Beverly Hills,CA,90210,310-820-2117
audry.yaw@yaw.org,Audry,Yaw,70295 Pioneer Ct,Brandon,FL,33511,813-797-4816
kristel.ehmann@aol.com,Kristel,Ehmann,92899 Kalakaua Ave,El Paso,TX,79925,915-452-1290
vzepp@gmail.com,Vincenza,Zepp,395 S 6th St #2,El Cajon,CA,92020,619-603-5125
egwalthney@yahoo.com,Elouise,Gwalthney,9506 Edgemore Ave,Bladensburg,MD,20710,301-841-5012
venita_maillard@gmail.com,Venita,Maillard,72119 S Walker Ave #63,Anaheim,CA,92801,714-523-6653
kasandra_semidey@semidey.com,Kasandra,Semidey,369 Latham St #500,Saint Louis,MO,63102,314-732-9131
xdiscipio@gmail.com,Xochitl,Discipio,3158 Runamuck Pl,Round Rock,TX,78664,512-233-1831
mlinahan@yahoo.com,Maile,Linahan,9 Plainsboro Rd #598,Greensboro,NC,27409,336-670-2640
krauser@cox.net,Krissy,Rauser,8728 S Broad St,Coram,NY,11727,631-443-4710
pdubaldi@hotmail.com,Pete,Dubaldi,2215 Prosperity Dr,Lyndhurst,NJ,7071,201-825-2514
linn_paa@paa.com,Linn,Paa,1 S Pine St,Memphis,TN,38112,901-412-4381
paris@hotmail.com,Paris,Wide,187 Market St,Atlanta,GA,30342,404-505-4445
wynell_dorshorst@dorshorst.org,Wynell,Dorshorst,94290 S Buchanan St,Pacifica,CA,94044,650-473-1262
qbirkner@aol.com,Quentin,Birkner,7061 N 2nd St,Burnsville,MN,55337,952-702-7993
regenia.kannady@cox.net,Regenia,Kannady,10759 Main St,Scottsdale,AZ,85260,480-726-1280
sheron@aol.com,Sheron,Louissant,97 E 3rd St #9,Long Island City,NY,11101,718-976-8610
izetta.funnell@hotmail.com,Izetta,Funnell,82 Winsor St #54,Atlanta,GA,30340,770-844-3447
rodolfo@hotmail.com,Rodolfo,Butzen,41 Steel Ct,Northfield,MN,55057,507-210-3510
zona@hotmail.com,Zona,Colla,49440 Dearborn St,Norwalk,CT,6854,203-461-1949
szagen@aol.com,Serina,Zagen,7 S Beverly Dr,Fort Wayne,IN,46802,260-273-3725
paz_sahagun@cox.net,Paz,Sahagun,919 Wall Blvd,Meridian,MS,39307,601-927-8287
markus@yahoo.com,Markus,Lukasik,89 20th St E #779,Sterling Heights,MI,48310,586-970-7380
jaclyn@aol.com,Jaclyn,Bachman,721 Interstate 45 S,Colorado Springs,CO,80919,719-853-3600
cyril_daufeldt@daufeldt.com,Cyril,Daufeldt,3 Lawton St,New York,NY,10013,212-745-8484
gschnitzler@gmail.com,Gayla,Schnitzler,38 Pleasant Hill Rd,Hayward,CA,94545,510-686-3407
erick_nievas@aol.com,Erick,Nievas,45 E Acacia Ct,Chicago,IL,60624,773-704-9903
jennie@cox.net,Jennie,Drymon,63728 Poway Rd #1,Scranton,PA,18509,570-218-4831
mscipione@scipione.com,Mitsue,Scipione,77 222 Dr,Oroville,CA,95965,530-986-9272
cventura@yahoo.com,Ciara,Ventura,53 W Carey St,Port Jervis,NY,12771,845-823-8877
galen@yahoo.com,Galen,Cantres,617 Nw 36th Ave,Brook Park,OH,44142,216-600-6111
tfeichtner@yahoo.com,Truman,Feichtner,539 Coldwater Canyon Ave,Bloomfield,NJ,7003,973-852-2736
gail@kitty.com,Gail,Kitty,735 Crawford Dr,Anchorage,AK,99501,907-435-9166
dalene@schoeneck.org,Dalene,Schoeneck,910 Rahway Ave,Philadelphia,PA,19102,215-268-1275
gertude.witten@gmail.com,Gertude,Witten,7 Tarrytown Rd,Cincinnati,OH,45217,513-977-7043
lizbeth@yahoo.com,Lizbeth,Kohl,35433 Blake St #588,Gardena,CA,90248,310-699-1222
gberray@gmail.com,Glenn,Berray,29 Cherry St #7073,Des Moines,IA,50315,515-370-7348
lashandra@yahoo.com,Lashandra,Klang,810 N La Brea Ave,King of Prussia,PA,19406,610-809-1818
lnewville@newville.com,Lenna,Newville,987 Main St,Raleigh,NC,27601,919-623-2524
laurel@yahoo.com,Laurel,Pagliuca,36 Enterprise St Se,Richland,WA,99352,509-695-5199
mireya.frerking@hotmail.com,Mireya,Frerking,8429 Miller Rd,Pelham,NY,10803,914-868-5965
annelle@yahoo.com,Annelle,Tagala,5 W 7th St,Parkville,MD,21234,410-757-1035
dean_ketelsen@gmail.com,Dean,Ketelsen,2 Flynn Rd,Hicksville,NY,11801,516-847-4418
levi.munis@gmail.com,Levi,Munis,2094 Ne 36th Ave,Worcester,MA,1603,508-456-4907
sylvie@aol.com,Sylvie,Ryser,649 Tulane Ave,Tulsa,OK,74105,918-644-9555
sharee_maile@aol.com,Sharee,Maile,2094 Montour Blvd,Muskegon,MI,49442,231-467-9978
cordelia_storment@aol.com,Cordelia,Storment,393 Hammond Dr,Lafayette,LA,70506,337-566-6001
mollie_mcdoniel@yahoo.com,Mollie,Mcdoniel,8590 Lake Lizzie Dr,Bowling Green,OH,43402,419-975-3182
brett.mccullan@mccullan.com,Brett,Mccullan,87895 Concord Rd,La Mesa,CA,91942,619-461-9984
teddy_pedrozo@aol.com,Teddy,Pedrozo,46314 Route 130,Bridgeport,CT,6610,203-892-3863
tasia_andreason@yahoo.com,Tasia,Andreason,4 Cowesett Ave,Kearny,NJ,7032,201-920-9002
hubert@walthall.org,Hubert,Walthall,95 Main Ave #2,Barberton,OH,44203,330-903-1345
arthur.farrow@yahoo.com,Arthur,Farrow,28 S 7th St #2824,Englewood,NJ,7631,201-238-5688
vberlanga@berlanga.com,Vilma,Berlanga,79 S Howell Ave,Grand Rapids,MI,49546,616-737-3085
billye_miro@cox.net,Billye,Miro,36 Lancaster Dr Se,Pearl,MS,39208,601-567-5386
glenna_slayton@cox.net,Glenna,Slayton,2759 Livingston Ave,Memphis,TN,38118,901-640-9178
mitzie_hudnall@yahoo.com,Mitzie,Hudnall,17 Jersey Ave,Englewood,CO,80110,303-402-1940
bernardine_rodefer@yahoo.com,Bernardine,Rodefer,2 W Grand Ave,Memphis,TN,38112,901-901-4726
staci_schmaltz@aol.com,Staci,Schmaltz,18 Coronado Ave #563,Pasadena,CA,91106,626-866-2339
nichelle_meteer@meteer.com,Nichelle,Meteer,72 Beechwood Ter,Chicago,IL,60657,773-225-9985
jrhoden@yahoo.com,Janine,Rhoden,92 Broadway,Astoria,NY,11103,718-228-5894
ettie.hoopengardner@hotmail.com,Ettie,Hoopengardner,39 Franklin Ave,Richland,WA,99352,509-755-5393
eden_jayson@yahoo.com,Eden,Jayson,4 Iwaena St,Baltimore,MD,21202,410-890-7866
lynelle_auber@gmail.com,Lynelle,Auber,32820 Corkwood Rd,Newark,NJ,7104,973-860-8610
merissa.tomblin@gmail.com,Merissa,Tomblin,34 Raritan Center Pky,Bellflower,CA,90706,562-579-6900
golda_kaniecki@yahoo.com,Golda,Kaniecki,6201 S Nevada Ave,Toms River,NJ,8755,732-628-9909
catarina_gleich@hotmail.com,Catarina,Gleich,78 Maryland Dr #146,Denville,NJ,7834,973-210-3994
vkiel@hotmail.com,Virgie,Kiel,76598 Rd  I 95 #1,Denver,CO,80216,303-776-7548
jolene@yahoo.com,Jolene,Ostolaza,1610 14th St Nw,Newport News,VA,23608,757-682-7116
keneth@yahoo.com,Keneth,Borgman,86350 Roszel Rd,Phoenix,AZ,85012,602-919-4211
rikki@nayar.com,Rikki,Nayar,1644 Clove Rd,Miami,FL,33155,305-968-9487
elke_sengbusch@yahoo.com,Elke,Sengbusch,9 W Central Ave,Phoenix,AZ,85013,602-896-2993
hoa@sarao.org,Hoa,Sarao,27846 Lafayette Ave,Oak Hill,FL,32759,386-526-7800
trinidad_mcrae@yahoo.com,Trinidad,Mcrae,10276 Brooks St,San Francisco,CA,94105,415-331-9634
mari_lueckenbach@yahoo.com,Mari,Lueckenbach,1 Century Park E,San Diego,CA,92110,858-793-9684
selma.husser@cox.net,Selma,Husser,9 State Highway 57 #22,Jersey City,NJ,7306,201-991-8369
aonofrio@onofrio.com,Antione,Onofrio,4 S Washington Ave,San Bernardino,CA,92410,909-430-7765
ljurney@hotmail.com,Luisa,Jurney,25 Se 176th Pl,Cambridge,MA,2138,617-365-2134
clorinda.heimann@hotmail.com,Clorinda,Heimann,105 Richmond Valley Rd,Escondido,CA,92025,760-291-5497
dick@yahoo.com,Dick,Wenzinger,22 Spruce St #595,Gardena,CA,90248,310-510-9713
ahmed.angalich@angalich.com,Ahmed,Angalich,2 W Beverly Blvd,Harrisburg,PA,17110,717-528-8996
iluminada.ohms@yahoo.com,Iluminada,Ohms,72 Southern Blvd,Mesa,AZ,85204,480-293-2882
joanna_leinenbach@hotmail.com,Joanna,Leinenbach,1 Washington St,Lake Worth,FL,33461,561-470-4574
caprice@aol.com,Caprice,Suell,90177 N 55th Ave,Nashville,TN,37211,615-246-1824
stephane_myricks@cox.net,Stephane,Myricks,9 Tower Ave,Burlington,KY,41005,859-717-7638
quentin_swayze@yahoo.com,Quentin,Swayze,278 Bayview Ave,Milan,MI,48160,734-561-6170
annmarie_castros@gmail.com,Annmarie,Castros,80312 W 32nd St,Conroe,TX,77301,936-751-7961
shonda_greenbush@cox.net,Shonda,Greenbush,82 Us Highway 46,Clifton,NJ,7011,973-482-2430
clapage@lapage.com,Cecil,Lapage,4 Stovall St #72,Union City,NJ,7087,201-693-3967
jeanice.claucherty@yahoo.com,Jeanice,Claucherty,19 Amboy Ave,Miami,FL,33142,305-988-4162
josphine_villanueva@villanueva.com,Josphine,Villanueva,63 Smith Ln #8343,Moss,TN,38575,931-553-9774
dperruzza@perruzza.com,Daniel,Perruzza,11360 S Halsted St,Santa Ana,CA,92705,714-771-3880
cassi.wildfong@aol.com,Cassi,Wildfong,26849 Jefferson Hwy,Rolling Meadows,IL,60008,847-633-3216
britt@galam.org,Britt,Galam,2500 Pringle Rd Se #508,Hatfield,PA,19440,215-888-3304
adell.lipkin@lipkin.com,Adell,Lipkin,65 Mountain View Dr,Whippany,NJ,7981,973-654-1561
jacqueline.rowling@yahoo.com,Jacqueline,Rowling,1 N San Saba,Erie,PA,16501,814-865-8113
lonny_weglarz@gmail.com,Lonny,Weglarz,51120 State Route 18,Salt Lake City,UT,84115,801-293-9853
lonna_diestel@gmail.com,Lonna,Diestel,1482 College Ave,Fayetteville,NC,28301,910-922-3672
cristal@cox.net,Cristal,Samara,4119 Metropolitan Dr,Los Angeles,CA,90021,213-975-8026
kenneth.grenet@grenet.org,Kenneth,Grenet,2167 Sierra Rd,East Lansing,MI,48823,517-499-2322
emclaird@mclaird.com,Elli,Mclaird,6 Sunrise Ave,Utica,NY,13501,315-818-2638
ajeanty@gmail.com,Alline,Jeanty,55713 Lake City Hwy,South Bend,IN,46601,574-656-2800
sharika.eanes@aol.com,Sharika,Eanes,75698 N Fiesta Blvd,Orlando,FL,32806,407-312-1691
nu@gmail.com,Nu,Mcnease,88 Sw 28th Ter,Harrison,NJ,7029,973-751-9003
dcomnick@cox.net,Daniela,Comnick,7 Flowers Rd #403,Trenton,NJ,8611,609-200-8577
cecilia_colaizzo@colaizzo.com,Cecilia,Colaizzo,4 Nw 12th St #3849,Madison,WI,53717,608-382-4541
leslie@cox.net,Leslie,Threets,2 A Kelley Dr,Katonah,NY,10536,914-861-9748
nan@koppinger.com,Nan,Koppinger,88827 Frankford Ave,Greensboro,NC,27401,336-370-5333
idewar@dewar.com,Izetta,Dewar,2 W Scyene Rd #3,Baltimore,MD,21217,410-473-1708
tegan.arceo@arceo.org,Tegan,Arceo,62260 Park Stre,Monroe Township,NJ,8831,732-730-2692
ruthann@hotmail.com,Ruthann,Keener,3424 29th St Se,Kerrville,TX,78028,830-258-2769
joni_breland@cox.net,Joni,Breland,35 E Main St #43,Elk Grove Village,IL,60007,847-519-5906
vrentfro@cox.net,Vi,Rentfro,7163 W Clark Rd,Freehold,NJ,7728,732-605-4781
colette.kardas@yahoo.com,Colette,Kardas,21575 S Apple Creek Rd,Omaha,NE,68124,402-896-5943
malcolm_tromblay@cox.net,Malcolm,Tromblay,747 Leonis Blvd,Annandale,VA,22003,703-221-5602
ryan@cox.net,Ryan,Harnos,13 Gunnison St,Plano,TX,75075,972-558-1665
jess.chaffins@chaffins.org,Jess,Chaffins,18 3rd Ave,New York,NY,10016,212-510-4633
sbourbon@yahoo.com,Sharen,Bourbon,62 W Austin St,Syosset,NY,11791,516-816-1541
nickolas_juvera@cox.net,Nickolas,Juvera,177 S Rider Trl #52,Crystal River,FL,34429,352-598-8301
gary_nunlee@nunlee.org,Gary,Nunlee,2 W Mount Royal Ave,Fortville,IN,46040,317-542-6023
diane@cox.net,Diane,Devreese,1953 Telegraph Rd,Saint Joseph,MO,64504,816-557-9673
roslyn.chavous@chavous.org,Roslyn,Chavous,63517 Dupont St,Jackson,MS,39211,601-234-9632
glory@yahoo.com,Glory,Schieler,5 E Truman Rd,Abilene,TX,79602,325-869-2649
rasheeda@aol.com,Rasheeda,Sayaphon,251 Park Ave #979,Saratoga,CA,95070,408-805-4309
alpha@yahoo.com,Alpha,Palaia,43496 Commercial Dr #29,Cherry Hill,NJ,8003,856-312-2629
refugia.jacobos@jacobos.com,Refugia,Jacobos,2184 Worth St,Hayward,CA,94545,510-974-8671
shawnda.yori@yahoo.com,Shawnda,Yori,50126 N Plankinton Ave,Longwood,FL,32750,407-538-5106
mdelasancha@hotmail.com,Mona,Delasancha,38773 Gravois Ave,Cheyenne,WY,82001,307-403-1488
gilma_liukko@gmail.com,Gilma,Liukko,16452 Greenwich St,Garden City,NY,11530,516-393-9967
jgabisi@hotmail.com,Janey,Gabisi,40 Cambridge Ave,Madison,WI,53715,608-967-7194
lili.paskin@cox.net,Lili,Paskin,20113 4th Ave E,Kearny,NJ,7032,201-431-2989
loren.asar@aol.com,Loren,Asar,6 Ridgewood Center Dr,Old Forge,PA,18518,570-648-3035
dorothy@cox.net,Dorothy,Chesterfield,469 Outwater Ln,San Diego,CA,92126,858-617-7834
gail_similton@similton.com,Gail,Similton,62 Monroe St,Thousand Palms,CA,92276,760-616-5388
catalina@hotmail.com,Catalina,Tillotson,3338 A Lockport Pl #6,Margate City,NJ,8402,609-373-3332
lawrence.lorens@hotmail.com,Lawrence,Lorens,9 Hwy,Providence,RI,2906,401-465-6432
carlee.boulter@hotmail.com,Carlee,Boulter,8284 Hart St,Abilene,KS,67410,785-347-1805
tankeny@ankeny.org,Thaddeus,Ankeny,5 Washington St #1,Roseville,CA,95678,916-920-3571
joles@gmail.com,Jovita,Oles,8 S Haven St,Daytona Beach,FL,32114,386-248-4118
alesia_hixenbaugh@hixenbaugh.org,Alesia,Hixenbaugh,9 Front St,Washington,DC,20001,202-646-7516
lai@gmail.com,Lai,Harabedian,1933 Packer Ave #2,Novato,CA,94945,415-423-3294
bgillaspie@gillaspie.com,Brittni,Gillaspie,67 Rv Cent,Boise,ID,83709,208-709-1235
rkampa@kampa.org,Raylene,Kampa,2 Sw Nyberg Rd,Elkhart,IN,46514,574-499-1454
flo.bookamer@cox.net,Flo,Bookamer,89992 E 15th St,Alliance,NE,69301,308-726-2182
jbiddy@yahoo.com,Jani,Biddy,61556 W 20th Ave,Seattle,WA,98104,206-711-6498
chauncey_motley@aol.com,Chauncey,Motley,63 E Aurora Dr,Orlando,FL,32804,407-413-4842
